Model,Overall_Rank,Rank_Score,Accuracy,Precision,Recall,F1-Score,ROC AUC
Randomforest,1.0,1.0,1.0,1.0,1.0,1.0,1.0
Extratrees,2.0,0.9114285714285715,0.95,1.0,0.75,0.8571428571428571,1.0
Gradientboosting,3.0,0.44666666666666666,0.2,0.2,1.0,0.3333333333333333,0.5
