,Accuracy,Precision,Recall,F1-Score,ROC AUC,Average Precision
count,3.0,3.0,3.0,3.0,3.0,3.0
mean,0.7166666666666667,0.7333333333333334,0.9166666666666666,0.7301587301587302,0.8333333333333334,0.7333333333333334
std,0.448144321991625,0.46188021535170065,0.14433756729740646,0.3510054664681902,0.28867513459481287,0.46188021535170065
min,0.2,0.2,0.75,0.3333333333333333,0.5,0.2
25%,0.575,0.6,0.875,0.5952380952380952,0.75,0.6
50%,0.95,1.0,1.0,0.8571428571428571,1.0,1.0
75%,0.975,1.0,1.0,0.9285714285714286,1.0,1.0
max,1.0,1.0,1.0,1.0,1.0,1.0
